,"2015","2015","2015","2014","2014","2014","2013","2013","2013","2012","2012","2012","2011","2011","2011","2010","2010","2010","2009","2009","2009","2008","2008","2008","2007","2007","2007","2006","2006","2006","2005","2005","2005","2004","2004","2004","2003","2003","2003","2002","2002","2002","2001","2001","2001","2000","2000","2000"
"Country","Current health expenditure (CHE) as percentage of gross domestic product (GDP) (%)","Current health expenditure (CHE) per capita in US$","Current health expenditure (CHE) per capita in PPP int$","Current health expenditure (CHE) as percentage of gross domestic product (GDP) (%)","Current health expenditure (CHE) per capita in US$","Current health expenditure (CHE) per capita in PPP int$","Current health expenditure (CHE) as percentage of gross domestic product (GDP) (%)","Current health expenditure (CHE) per capita in US$","Current health expenditure (CHE) per capita in PPP int$","Current health expenditure (CHE) as percentage of gross domestic product (GDP) (%)","Current health expenditure (CHE) per capita in US$","Current health expenditure (CHE) per capita in PPP int$","Current health expenditure (CHE) as percentage of gross domestic product (GDP) (%)","Current health expenditure (CHE) per capita in US$","Current health expenditure (CHE) per capita in PPP int$","Current health expenditure (CHE) as percentage of gross domestic product (GDP) (%)","Current health expenditure (CHE) per capita in US$","Current health expenditure (CHE) per capita in PPP int$","Current health expenditure (CHE) as percentage of gross domestic product (GDP) (%)","Current health expenditure (CHE) per capita in US$","Current health expenditure (CHE) per capita in PPP int$","Current health expenditure (CHE) as percentage of gross domestic product (GDP) (%)","Current health expenditure (CHE) per capita in US$","Current health expenditure (CHE) per capita in PPP int$","Current health expenditure (CHE) as percentage of gross domestic product (GDP) (%)","Current health expenditure (CHE) per capita in US$","Current health expenditure (CHE) per capita in PPP int$","Current health expenditure (CHE) as percentage of gross domestic product (GDP) (%)","Current health expenditure (CHE) per capita in US$","Current health expenditure (CHE) per capita in PPP int$","Current health expenditure (CHE) as percentage of gross domestic product (GDP) (%)","Current health expenditure (CHE) per capita in US$","Current health expenditure (CHE) per capita in PPP int$","Current health expenditure (CHE) as percentage of gross domestic product (GDP) (%)","Current health expenditure (CHE) per capita in US$","Current health expenditure (CHE) per capita in PPP int$","Current health expenditure (CHE) as percentage of gross domestic product (GDP) (%)","Current health expenditure (CHE) per capita in US$","Current health expenditure (CHE) per capita in PPP int$","Current health expenditure (CHE) as percentage of gross domestic product (GDP) (%)","Current health expenditure (CHE) per capita in US$","Current health expenditure (CHE) per capita in PPP int$","Current health expenditure (CHE) as percentage of gross domestic product (GDP) (%)","Current health expenditure (CHE) per capita in US$","Current health expenditure (CHE) per capita in PPP int$","Current health expenditure (CHE) as percentage of gross domestic product (GDP) (%)","Current health expenditure (CHE) per capita in US$","Current health expenditure (CHE) per capita in PPP int$"
"Afghanistan","10.3","60.1","183.9","9.7","60.1","176.9","8.8","56.0","164.2","7.9","52.2","144.0","8.6","51.6","138.8","8.6","45.6","132.3","9.8","42.3","143.8","10.3","38.7","127.6","9.9","31.8","104.7","10.6","28.4","111.3","9.9","24.4","98.6","9.8","20.9","87.7","8.9","17.5","80.9","9.4","16.2","79.8","No data","No data","No data","No data","No data","No data"
"Albania","6.8","265.9","773.7","7.0","314.9","779.3","6.3","277.7","665.7","5.9","247.3","612.8","5.6","248.2","570.9","5.0","204.2","481.1","5.1","207.4","444.9","5.6","240.4","452.6","6.1","216.4","437.8","5.9","172.8","381.5","6.3","165.9","363.8","6.6","152.0","347.8","6.4","113.6","310.0","6.4","89.9","293.4","6.5","81.9","275.3","6.8","75.5","258.1"
"Algeria","7.1","291.6","1031.2","6.5","357.9","929.1","6.0","330.2","828.0","6.0","333.9","804.4","5.3","286.2","684.3","5.1","228.4","645.3","5.4","207.3","656.1","4.2","206.1","511.0","3.8","150.4","452.6","3.4","116.2","380.2","3.2","100.3","354.9","3.5","92.1","360.7","3.6","75.4","346.4","3.7","66.2","332.4","3.8","66.5","323.0","3.5","61.3","282.4"
"Andorra","12.0","4315.7","5948.6","12.0","5088.2","5810.8","14.2","5751.4","6513.8","12.1","4641.6","5312.5","11.8","4860.5","4856.1","11.6","4595.7","4819.4","10.9","4721.9","4787.4","10.4","4985.6","4727.1","9.8","4764.9","4769.1","9.7","4249.2","4577.4","9.8","4036.8","4271.1","9.2","3539.7","3751.0","9.2","3008.3","3554.0","9.4","2332.2","3394.6","9.4","2081.3","3143.0","9.3","2050.6","3049.0"
"Angola","2.9","108.6","195.5","2.8","131.8","184.6","3.0","143.8","191.6","2.7","122.5","162.8","2.8","122.2","168.1","2.7","96.7","158.3","3.6","120.0","205.0","3.5","135.4","201.0","3.2","92.6","164.9","3.6","74.3","152.1","4.0","57.4","139.8","5.0","52.1","149.5","4.7","36.7","127.8","4.2","30.2","111.2","5.2","27.3","149.0","2.5","13.9","69.6"
"Antigua and Barbuda","4.8","657.2","1105.1","5.7","731.5","1205.4","5.4","655.5","1031.7","5.1","640.2","990.2","5.7","683.6","1065.9","5.5","672.8","1041.5","4.7","617.8","957.8","4.6","676.6","1059.6","4.2","597.1","957.8","4.3","544.9","883.1","4.4","489.9","773.2","4.2","424.4","679.3","4.5","433.4","685.7","4.4","406.7","623.4","4.5","409.3","622.8","4.1","381.1","578.0"
"Argentina","6.8","997.9","1389.8","6.4","845.1","1268.3","6.4","920.8","1287.7","6.3","864.5","1225.5","6.3","806.9","1244.5","6.8","698.6","1238.0","7.0","576.8","1162.7","6.3","567.3","1109.7","6.4","465.2","1082.2","6.4","380.1","976.8","6.4","326.6","880.5","5.9","250.7","727.3","5.9","218.0","722.8","4.7","137.9","523.2","5.2","403.0","641.4","5.0","418.4","644.0"
"Armenia","10.1","366.0","883.2","7.0","281.3","591.3","8.3","317.9","661.4","6.7","247.3","513.4","3.8","133.2","265.2","5.3","169.4","345.7","4.7","140.4","296.5","4.3","174.3","315.6","5.4","170.9","359.7","5.6","120.6","313.4","7.0","115.6","335.5","8.2","98.1","331.7","5.6","52.2","198.2","5.7","44.6","171.9","6.5","45.4","170.8","6.5","40.5","150.8"
"Australia","9.4","4934.0","4491.6","9.1","5637.6","4287.2","8.8","5838.4","4179.7","8.7","6047.0","3792.1","8.6","5876.9","3770.4","8.5","4952.8","3593.1","8.6","3997.5","3556.5","8.3","4088.8","3295.6","8.1","3794.2","3178.2","8.0","3177.5","3005.2","8.0","3004.1","2833.3","8.1","2757.6","2743.6","7.9","2241.0","2549.2","7.9","1763.8","2429.0","7.7","1558.2","2272.1","7.6","1632.4","2152.6"
"Austria","10.3","4536.1","5138.2","10.3","5300.6","5025.4","10.2","5161.2","4881.0","10.1","4909.0","4696.0","9.9","5076.3","4392.2","10.1","4724.7","4243.9","10.1","4837.7","4132.4","9.6","4959.2","3962.4","9.5","4422.0","3716.3","9.5","3840.1","3557.7","9.6","3676.1","3351.8","9.6","3552.9","3257.8","9.6","3084.3","3073.3","9.4","2486.1","2935.8","9.3","2280.5","2768.0","9.2","2263.5","2705.1"
"Azerbaijan","6.7","368.3","1191.3","5.7","447.3","998.8","5.4","423.4","930.7","5.1","383.8","839.8","4.8","345.4","756.9","4.9","287.4","768.7","5.4","267.6","805.6","4.0","221.6","548.6","4.7","178.7","578.8","5.8","139.8","555.7","7.4","114.8","521.4","7.3","75.5","400.8","6.0","52.1","291.8","3.7","28.0","161.4","3.7","25.7","144.1","3.8","24.9","134.3"
"Bahamas","7.4","1685.5","1699.1","7.3","1635.4","1704.1","7.4","1664.7","1732.3","7.6","1722.9","1790.1","7.6","1645.0","1733.0","7.4","1632.3","1670.4","7.5","1645.7","1657.2","7.3","1720.8","1701.9","7.0","1694.3","1667.9","6.8","1610.9","1590.3","5.9","1372.8","1325.8","5.9","1292.9","1270.8","5.5","1213.0","1174.3","5.2","1177.4","1130.4","5.1","1091.9","1073.4","5.1","1084.3","1045.8"
"Bahrain","5.2","1190.0","2453.2","4.6","1171.0","2164.6","4.3","1065.4","1902.2","4.2","972.2","1714.6","3.1","694.4","1239.2","3.3","681.0","1306.4","3.5","668.0","1359.9","2.9","657.9","1156.4","2.9","604.3","1160.5","2.9","556.4","1128.4","3.0","532.5","1140.8","3.2","501.8","1184.3","3.6","507.0","1292.5","3.7","488.4","1324.1","3.7","472.6","1306.7","3.4","466.7","1219.5"
"Bangladesh","2.6","31.8","88.0","2.7","28.8","83.2","2.7","25.9","77.9","2.7","22.7","75.8","2.8","22.2","71.0","2.7","20.2","64.2","2.6","17.4","58.0","2.5","15.3","53.8","2.6","13.9","51.8","2.5","12.0","46.3","2.8","11.3","41.8","2.7","10.7","37.4","2.7","10.0","34.5","2.6","9.1","32.4","2.4","8.1","28.6","2.4","8.3","27.6"
"Barbados","7.5","1160.2","1233.6","7.7","1179.6","1239.2","8.2","1261.5","1293.9","8.3","1280.3","1304.9","7.4","1149.9","1140.4","6.9","1102.7","1042.3","7.0","1153.9","1038.8","6.8","1123.1","1047.0","6.2","1028.7","946.9","6.2","974.2","906.8","6.3","897.0","846.4","6.6","855.4","834.2","6.6","791.2","794.6","5.8","672.0","669.1","5.4","624.1","617.6","5.2","604.8","598.4"
"Belarus","6.1","351.8","1084.6","5.4","437.0","995.2","5.8","444.2","1017.0","5.3","357.4","915.4","4.7","294.0","774.0","5.3","306.2","809.7","5.5","284.6","774.4","5.5","349.7","763.4","5.9","279.4","728.3","5.8","222.5","637.1","6.3","197.1","609.1","5.9","141.8","506.8","6.0","109.2","442.4","5.8","86.6","392.2","5.9","73.8","370.6","5.5","57.4","318.7"
"Belgium","10.5","4228.3","4782.4","10.4","4931.4","4660.7","10.4","4821.6","4508.8","10.2","4556.6","4313.8","10.1","4808.8","4158.2","9.9","4401.5","3980.0","10.1","4519.8","3831.7","9.3","4522.6","3561.5","8.9","3973.8","3298.6","8.9","3465.8","3158.5","9.0","3335.5","3007.6","9.1","3241.8","2938.5","9.1","2794.4","2822.9","8.3","2070.3","2518.9","8.1","1874.0","2352.5","7.9","1843.2","2221.1"
"Belize","6.2","301.2","523.7","5.8","280.8","487.9","5.8","272.1","471.5","5.4","254.4","442.2","5.6","254.0","441.7","5.8","252.5","448.8","5.8","245.6","436.0","5.0","225.6","385.4","4.9","212.6","366.3","4.5","186.4","327.9","4.4","174.6","311.3","4.3","166.1","294.7","4.5","165.1","290.9","4.3","154.6","259.5","4.5","153.7","258.5","3.9","132.6","217.6"
"Benin","4.0","31.3","84.5","3.6","34.4","76.8","3.9","35.8","78.2","4.7","39.1","88.2","4.2","35.0","77.3","4.1","31.1","73.3","3.9","30.7","68.5","3.7","30.3","65.4","4.0","28.0","67.4","4.1","25.5","65.6","4.0","24.2","62.2","4.2","24.6","63.9","4.2","21.6","60.7","4.2","17.5","59.5","4.5","17.0","61.9","4.3","16.0","56.4"
"Bhutan","3.5","91.1","287.1","3.2","79.9","245.7","3.3","78.6","244.6","3.2","77.0","227.8","3.0","74.0","205.0","3.2","69.3","200.0","3.5","57.6","184.2","3.2","53.7","160.6","3.3","55.1","162.4","3.1","44.0","142.7","3.5","41.9","135.3","3.6","40.8","138.7","3.4","36.6","129.5","3.7","32.5","120.9","3.8","32.6","121.7","4.2","31.7","116.2"
"Bolivia (Plurinational State of)","6.4","197.3","445.8","5.8","180.5","384.9","5.5","162.9","348.2","5.1","135.6","302.4","5.1","120.4","283.5","5.1","101.0","270.0","5.1","90.3","259.6","4.5","78.7","225.9","4.6","64.2","216.3","4.6","56.6","203.5","5.0","51.9","207.5","4.8","46.9","189.4","5.1","47.1","192.6","4.8","43.8","175.0","4.7","45.3","168.9","4.3","43.5","151.2"
"Bosnia and Herzegovina","9.4","431.2","1101.8","9.6","496.6","1072.0","9.5","477.8","1026.6","9.5","448.1","966.4","9.2","463.9","908.8","9.0","417.0","842.5","9.0","424.9","814.6","9.7","484.3","858.9","9.5","387.7","756.7","9.2","302.9","657.0","9.1","262.3","570.2","9.1","244.6","539.2","8.0","180.4","435.7","7.0","124.5","361.5","7.2","110.1","342.4","7.1","105.0","325.1"
"Botswana","6.0","389.4","970.0","5.3","397.6","890.4","5.4","378.0","864.2","6.4","498.7","923.7","6.3","471.5","856.5","5.6","381.0","784.3","6.7","349.8","816.1","5.7","321.5","756.1","5.3","300.1","652.1","5.0","269.2","567.8","5.3","281.3","542.8","6.2","305.0","603.9","5.8","240.8","538.8","4.7","145.0","419.8","6.6","206.0","548.9","5.8","194.8","480.1"
"Brazil","8.9","780.4","1391.5","8.4","1014.1","1365.3","8.0","975.9","1275.6","7.8","960.8","1203.5","7.8","1029.3","1170.5","8.0","894.9","1135.9","8.4","720.0","1112.4","8.0","704.9","1063.9","8.2","600.4","1026.5","8.3","484.0","958.5","8.0","383.6","880.7","8.2","296.0","849.9","8.2","251.0","795.1","8.7","246.2","827.9","8.6","270.0","789.8","8.4","313.1","754.6"
"Brunei Darussalam","2.6","812.2","2083.4","2.2","899.0","1732.7","2.1","946.1","1735.8","1.9","882.0","1545.5","1.9","876.4","1536.8","2.3","803.5","1798.1","2.4","741.6","2040.9","1.9","789.0","1635.6","1.9","702.9","1712.7","1.9","654.7","1656.8","2.2","646.1","1828.5","2.5","619.1","2047.5","2.6","535.1","2057.1","2.5","473.1","1944.8","2.5","464.7","1889.6","2.5","508.4","1836.0"
"Bulgaria","8.2","572.0","1491.9","8.5","666.4","1477.1","7.8","601.0","1303.1","7.6","558.4","1226.9","7.1","556.6","1116.6","7.1","484.8","1059.5","6.6","459.3","933.7","6.3","455.5","898.3","6.2","361.2","785.3","6.6","294.1","741.3","6.9","267.7","706.4","6.9","233.1","631.6","7.3","195.7","602.9","7.1","148.1","549.1","6.9","119.8","470.4","5.9","94.5","373.2"
"Burkina Faso","5.4","33.4","96.1","5.6","39.6","94.2","6.1","43.0","99.4","4.9","33.0","75.8","5.2","34.7","76.6","5.9","33.9","82.2","5.7","31.6","74.8","5.2","29.8","68.2","5.9","28.0","73.3","5.1","21.4","60.6","4.4","18.1","50.1","4.7","17.6","49.1","3.5","11.7","35.1","3.3","8.7","31.1","3.2","7.7","29.6","3.3","7.5","28.3"
"Burundi","8.2","24.3","63.7","6.8","20.2","54.6","8.2","22.0","63.8","8.6","21.6","64.6","10.4","25.8","76.3","11.3","26.1","84.6","10.5","22.0","79.1","9.4","18.4","68.5","10.2","17.4","71.7","10.3","17.1","70.0","9.4","14.2","60.9","7.2","9.2","46.3","6.2","7.0","38.0","6.4","7.9","40.4","6.5","8.6","39.4","6.8","9.2","40.4"
"Cabo Verde","4.8","145.8","310.4","5.0","177.1","313.3","4.4","156.8","271.8","4.6","157.9","282.5","4.3","158.0","258.0","4.5","148.3","255.6","3.9","133.7","218.2","3.6","130.4","204.6","4.2","130.4","222.4","5.0","115.5","227.7","4.8","98.2","198.2","4.8","95.7","184.1","4.9","87.2","168.2","5.2","71.5","170.1","5.2","65.9","161.9","4.8","60.1","147.3"
"Cambodia","6.0","69.6","209.6","6.2","67.9","203.3","6.9","70.1","209.2","7.3","69.1","207.7","7.5","66.2","199.5","6.9","54.5","171.3","7.6","56.0","177.5","6.6","49.2","155.5","4.9","31.0","107.7","5.9","32.0","117.0","7.1","33.4","123.7","7.8","32.0","119.4","7.7","28.1","105.8","6.7","22.8","84.4","6.6","21.1","77.6","6.4","19.3","69.8"
"Cameroon","5.1","63.6","162.8","4.9","71.2","151.2","4.9","67.3","143.5","5.0","62.7","139.3","3.8","48.6","100.9","5.0","59.0","129.7","4.8","58.0","123.2","5.0","61.5","127.5","4.6","50.6","114.2","4.4","44.4","107.5","4.5","42.7","105.2","4.5","41.6","102.2","4.7","38.9","103.8","4.6","31.3","98.6","4.5","27.7","93.2","4.3","26.3","85.9"
"Canada","10.4","4507.6","4600.1","10.0","5029.0","4499.0","10.1","5286.7","4453.4","10.2","5343.6","4290.0","10.2","5292.4","4223.8","10.6","4987.5","4207.7","10.6","4290.9","4082.3","9.5","4389.3","3794.2","9.3","4125.4","3652.7","9.2","3710.0","3491.7","9.1","3282.9","3277.9","9.1","2913.4","3075.1","9.0","2551.5","2915.1","8.9","2150.9","2745.8","8.7","2054.4","2607.8","8.3","1998.6","2417.9"
"Central African Republic","4.8","16.6","31.9","4.7","17.8","29.8","4.4","14.8","27.2","3.6","17.8","35.2","3.8","18.9","34.8","3.8","17.0","33.1","4.4","19.7","36.8","4.4","20.0","36.4","4.9","19.5","39.9","4.2","14.7","32.6","4.5","14.7","32.6","3.9","12.1","27.5","4.2","11.9","27.7","3.4","8.7","24.1","3.3","8.0","22.3","3.5","8.5","22.8"
"Chad","4.6","35.6","99.8","4.6","46.9","100.0","4.8","47.4","99.9","3.6","34.9","71.7","3.9","38.7","73.0","4.1","36.5","76.8","4.5","35.9","75.6","4.1","37.9","68.0","4.4","35.0","71.6","4.9","34.8","78.1","4.9","32.1","77.6","6.2","28.3","85.1","6.2","18.2","64.4","8.2","18.2","75.5","6.0","11.8","51.9","6.2","10.2","48.6"
"Chile","8.1","1102.0","1903.1","7.6","1128.0","1774.1","7.4","1173.2","1677.7","7.0","1083.5","1517.9","6.8","995.8","1384.0","6.8","871.3","1243.7","7.2","738.5","1172.8","6.7","726.7","1107.0","6.2","650.1","1041.3","6.0","572.4","942.2","6.6","501.8","841.7","6.9","428.6","812.8","7.3","351.1","789.9","7.3","324.3","748.3","7.2","328.6","715.2","7.0","358.8","676.0"
"China","5.3","425.6","762.2","5.0","376.2","658.0","4.9","339.1","592.5","4.8","298.7","535.0","4.6","254.1","468.4","4.5","198.9","407.0","4.6","174.4","380.5","4.3","145.8","320.6","4.0","106.8","271.9","4.2","86.8","243.4","4.3","75.0","217.8","4.4","66.0","194.8","4.6","58.3","179.4","4.5","51.7","159.9","4.4","45.3","138.9","4.5","42.5","130.0"
"Colombia","6.2","374.2","852.8","6.4","506.7","856.0","6.0","483.0","765.4","6.1","481.2","735.9","5.9","429.5","683.1","6.1","384.0","656.2","6.4","329.1","655.9","6.0","327.6","611.0","5.7","268.2","557.2","5.7","212.7","513.6","5.5","185.3","451.3","5.1","139.9","394.8","5.6","125.3","404.1","5.3","125.3","368.3","5.6","133.2","375.2","5.5","135.3","360.5"
"Comoros","8.0","58.5","121.0","8.0","68.6","121.4","8.3","69.2","123.3","8.3","65.4","120.1","9.5","78.6","134.0","8.7","67.3","121.1","8.7","68.1","119.9","9.1","72.4","124.4","9.4","68.1","129.1","9.7","62.7","130.9","10.1","62.6","131.8","10.2","62.9","129.0","10.6","57.6","130.7","11.2","48.3","135.6","10.9","43.3","131.2","12.1","45.6","142.3"
"Congo","3.4","58.8","202.7","2.4","71.0","142.2","2.4","71.2","132.2","2.0","59.1","107.5","1.9","60.7","99.0","2.0","55.4","102.9","2.2","48.8","102.9","2.2","63.1","99.6","2.0","42.0","86.8","1.8","35.9","79.8","1.9","30.7","79.2","2.1","27.1","82.4","2.1","21.1","80.2","1.9","16.6","71.1","2.4","20.0","87.1","1.7","16.9","60.2"
"Cook Islands","2.7","461.3","518.2","3.3","597.5","561.2","3.3","552.1","538.5","3.1","528.0","547.6","3.4","532.6","557.2","3.5","478.2","530.9","3.5","399.8","537.9","3.3","401.5","496.8","3.7","429.2","545.8","3.7","351.9","507.1","4.2","386.4","522.6","3.6","331.0","466.7","3.4","270.9","424.0","3.6","212.0","420.5","3.4","177.6","398.5","3.2","162.7","365.5"
"Costa Rica","8.1","929.1","1286.5","8.2","868.3","1237.5","8.3","876.6","1204.6","8.1","812.1","1149.5","8.4","775.6","1131.0","8.1","663.9","1031.2","7.9","537.0","957.5","7.5","518.6","925.3","7.0","430.1","823.2","7.0","365.5","745.4","6.7","314.3","656.8","6.6","294.0","617.2","7.0","291.1","614.1","6.9","279.2","577.2","6.4","255.6","522.5","6.5","249.1","512.2"
"CÃ´te d'Ivoire","5.4","75.5","189.6","5.2","79.1","167.3","5.1","72.2","151.2","6.0","75.3","164.7","5.9","73.4","151.9","6.1","75.0","162.0","6.2","75.8","162.6","6.1","76.1","157.2","6.3","66.7","156.9","5.8","55.3","142.3","5.4","49.9","127.8","5.2","48.0","120.8","4.6","40.2","105.4","4.5","31.8","102.8","4.9","31.9","113.7","5.7","36.4","132.5"
"Croatia","7.4","852.1","1656.4","7.5","1005.6","1643.2","7.3","988.8","1580.2","7.8","1029.4","1644.5","7.8","1131.1","1612.7","8.1","1125.4","1601.7","8.2","1187.4","1635.0","7.7","1259.0","1604.3","7.5","1041.6","1442.8","7.0","815.9","1216.5","6.9","726.5","1056.8","6.6","634.5","955.3","6.4","512.2","860.9","6.2","386.5","784.1","7.2","387.6","838.4","7.7","370.5","810.6"
"Cuba","10.9","826.3","2478.8","10.3","724.9","2196.6","8.3","563.5","1710.6","8.3","533.4","1639.0","11.8","725.4","2236.2","11.8","667.4","2118.9","9.3","511.9","1625.1","10.0","535.3","1697.2","9.3","482.1","1494.0","8.3","386.4","1208.2","10.1","380.6","1274.3","6.8","231.8","754.6","7.1","226.8","723.0","7.1","213.0","685.6","7.0","198.1","656.4","6.4","176.5","574.3"
"Cyprus","6.8","1563.3","2136.8","6.8","1847.6","2059.9","6.9","1920.3","2106.2","6.7","1942.2","2138.7","6.6","2153.4","2216.9","6.3","1958.8","2116.6","6.5","2105.0","2223.7","6.0","2156.7","2124.0","5.2","1641.7","1725.3","5.3","1432.2","1607.4","5.3","1328.4","1478.5","5.3","1258.2","1380.4","5.5","1123.6","1349.7","5.6","890.5","1330.6","5.3","782.6","1231.7","5.3","751.1","1135.8"
"Czechia","7.3","1284.0","2469.9","7.7","1512.9","2481.6","7.8","1554.5","2381.7","7.0","1387.4","2042.6","7.0","1516.6","2011.0","6.9","1373.9","1922.8","7.3","1442.2","2018.4","6.4","1449.3","1777.9","6.0","1110.2","1577.9","6.2","942.1","1476.1","6.4","852.7","1402.7","6.4","746.3","1329.3","6.6","640.7","1273.4","6.2","497.7","1127.1","5.9","388.5","1034.4","5.7","342.9","922.9"
"Democratic People's Republic of Korea","No data","No data","No data","No data","No data","No data","No data","No data","No data","No data","No data","No data","No data","No data","No data","No data","No data","No data","No data","No data","No data","No data","No data","No data","No data","No data","No data","No data","No data","No data","No data","No data","No data","No data","No data","No data","No data","No data","No data","No data","No data","No data","No data","No data","No data","No data","No data","No data"
"Democratic Republic of the Congo","4.3","19.8","34.0","4.4","19.4","33.2","3.9","16.3","27.5","3.6","14.3","23.8","3.5","12.6","22.2","4.0","12.9","24.1","5.2","15.2","29.6","3.9","12.3","22.0","3.3","9.3","17.9","3.1","8.0","16.1","3.0","6.6","14.7","3.2","6.2","14.7","3.1","5.4","13.3","2.6","4.5","10.6","2.6","5.9","10.8","1.4","18.4","6.0"
"Denmark","10.3","5497.4","5083.2","10.3","6424.4","4924.2","10.2","6262.8","4786.7","10.3","6020.2","4610.2","10.2","6308.1","4535.8","10.4","6036.2","4480.5","10.7","6221.7","4319.5","9.5","6137.8","3938.9","9.3","5468.4","3642.0","9.2","4778.9","3427.7","9.1","4442.8","3109.1","9.0","4194.9","2970.1","8.9","3607.0","2744.5","8.7","2895.8","2670.2","8.4","2602.6","2498.2","8.1","2496.0","2325.3"
"Djibouti","4.4","81.7","146.7","4.1","72.0","130.6","4.1","66.5","122.0","4.6","71.2","131.5","4.7","67.8","128.2","4.3","55.5","108.0","4.5","54.7","109.4","4.5","53.5","106.2","4.8","50.2","108.8","4.9","47.2","104.6","4.5","41.0","91.1","4.7","40.3","89.6","5.6","46.2","103.0","5.0","40.2","89.7","3.9","31.1","68.6","4.1","32.0","70.3"
"Dominica","5.4","383.7","585.7","5.2","374.7","564.2","5.0","354.5","522.8","5.4","363.1","547.3","4.6","324.2","470.4","5.1","349.9","505.7","5.0","340.3","487.4","4.5","299.7","460.0","4.7","282.1","431.2","4.5","255.1","385.5","4.6","240.7","361.4","4.3","229.9","330.8","4.6","229.2","332.8","4.7","227.8","312.3","4.6","227.3","307.3","4.7","225.4","303.0"
"Dominican Republic","6.2","396.7","873.1","6.1","376.6","799.9","6.0","356.9","728.5","5.9","351.5","689.2","5.6","326.6","642.1","5.6","299.7","608.4","5.1","250.4","512.4","4.7","233.7","474.3","4.2","193.8","406.9","4.2","161.7","372.1","4.6","167.4","361.5","4.4","104.7","310.5","4.3","95.5","293.0","4.4","125.0","303.4","4.3","120.9","277.6","4.2","115.4","263.7"
"Ecuador","8.5","530.1","980.2","8.6","555.9","994.4","8.5","518.4","942.0","8.4","477.8","881.0","7.8","405.6","770.8","7.5","350.2","688.9","6.6","283.0","591.1","6.1","259.8","542.3","5.9","210.6","490.6","5.7","190.6","461.3","5.6","168.6","427.5","5.6","150.3","398.0","5.4","132.4","355.6","4.5","97.4","283.6","3.7","71.2","228.8","3.3","48.1","194.2"
"Egypt","4.2","156.6","495.2","4.1","153.8","491.0","4.6","140.3","476.5","4.9","143.4","460.3","4.6","123.3","450.1","4.4","111.4","421.6","4.6","104.9","426.0","4.7","95.6","419.6","4.7","77.7","389.1","5.1","70.2","392.3","5.2","62.8","368.6","5.1","53.1","343.6","5.5","53.0","352.1","5.8","67.2","359.6","5.7","72.0","345.5","5.2","72.5","303.1"
"El Salvador","6.9","283.2","578.5","6.8","271.1","551.8","6.9","269.5","546.7","6.7","256.6","514.2","6.8","254.3","505.7","6.9","240.2","494.5","6.8","230.0","478.3","6.2","217.9","447.7","6.3","208.7","442.7","6.7","204.5","440.8","7.2","203.8","445.3","7.3","192.0","424.7","7.3","184.2","408.7","7.7","184.8","413.2","7.8","182.9","407.8","8.0","178.8","402.9"
"Equatorial Guinea","2.7","280.0","789.6","1.8","337.3","583.3","1.7","349.4","584.5","1.4","311.4","524.2","1.3","289.3","463.5","1.5","262.5","506.2","1.7","278.9","632.6","1.3","300.0","507.1","1.5","232.3","494.0","1.5","187.1","435.7","0.8","79.8","205.4","1.0","68.1","271.2","1.2","47.7","237.6","1.0","31.5","186.0","2.3","57.8","347.4","2.5","50.8","255.0"
"Eritrea","3.3","30.9","56.2","3.4","27.9","56.6","3.2","24.2","53.2","3.2","22.5","53.5","3.4","19.8","51.2","3.7","17.7","51.0","4.0","17.2","54.7","4.7","15.2","62.0","4.1","13.0","60.2","5.3","15.8","76.5","5.3","14.7","77.0","5.4","15.6","76.4","5.7","13.2","79.2","5.5","11.1","79.7","5.3","11.4","76.1","5.6","11.8","75.1"
"Estonia","6.5","1112.0","1886.8","6.2","1238.5","1774.3","6.0","1146.2","1653.7","5.8","1015.3","1516.3","5.8","1016.3","1429.0","6.3","927.7","1369.7","6.5","963.9","1342.8","5.8","1039.6","1303.6","5.0","833.8","1104.1","4.9","619.8","947.8","5.0","512.3","818.6","5.1","450.7","734.8","4.9","350.5","638.3","4.7","251.2","548.6","4.8","215.4","494.4","5.2","210.4","486.2"
"Eswatini","7.0","232.7","628.9","7.2","252.5","607.6","7.3","264.5","592.9","7.4","284.3","568.0","8.5","330.4","615.1","8.2","313.2","614.3","7.1","209.5","504.8","7.3","200.8","516.5","6.3","185.2","431.3","6.2","178.2","410.7","5.9","165.0","359.3","5.0","132.7","299.5","4.8","102.5","277.8","4.6","60.8","238.4","4.5","65.7","226.6","4.6","75.5","223.5"
"Ethiopia","4.0","24.3","65.6","4.0","22.5","60.5","4.1","20.1","55.9","4.6","20.9","57.3","4.5","15.3","52.4","5.5","16.8","57.9","4.4","14.8","41.8","4.3","13.4","38.0","4.8","11.5","38.8","4.3","8.2","30.6","4.1","6.6","26.8","4.3","5.8","25.0","4.9","5.8","25.0","4.7","5.2","24.8","4.8","5.6","24.9","4.4","5.4","21.4"
"Fiji","3.6","174.9","331.4","3.7","184.7","322.1","3.5","165.1","286.2","3.5","160.8","272.8","3.4","148.2","254.9","3.6","135.2","266.6","3.7","129.1","267.3","3.3","144.1","244.7","3.7","150.9","257.4","3.6","136.0","250.1","3.5","129.1","233.3","3.5","117.6","225.5","3.2","91.3","190.6","3.2","73.0","185.9","3.1","64.2","173.1","3.7","77.0","196.2"
"Finland","9.4","4005.5","3996.4","9.5","4731.9","3938.8","9.5","4711.7","3923.3","9.3","4405.4","3774.1","8.9","4545.2","3640.6","8.9","4097.6","3442.2","8.9","4179.0","3359.6","8.1","4317.2","3231.2","7.8","3778.9","2949.5","8.0","3291.3","2752.2","8.0","3116.7","2558.9","7.8","2932.3","2426.1","7.7","2514.5","2220.9","7.4","1974.8","2102.3","7.0","1740.2","1944.3","6.8","1658.1","1827.6"
"France","11.1","4026.1","4542.3","11.1","4779.2","4478.7","10.9","4679.1","4345.9","10.8","4447.7","4100.0","10.7","4725.4","4039.9","10.7","4385.4","3881.4","10.8","4523.6","3778.0","10.1","4614.3","3571.9","10.0","4168.0","3421.7","10.0","3693.6","3289.4","10.2","3573.6","3135.4","10.1","3452.4","2972.8","10.0","2999.6","2854.7","10.0","2438.2","2876.4","9.7","2190.8","2691.9","9.5","2156.5","2514.1"
"Gabon","2.7","197.9","480.9","2.5","245.5","445.0","2.8","275.0","485.2","2.4","236.6","398.4","2.6","274.1","406.5","2.5","216.7","372.5","3.5","263.4","493.4","2.6","257.6","374.8","2.9","240.8","443.0","2.9","204.2","424.4","2.8","187.4","420.8","3.3","186.0","474.9","3.5","169.6","499.7","3.2","132.4","457.7","3.2","127.7","461.2","2.9","119.4","408.7"
"Gambia","6.7","31.9","114.1","7.0","31.0","115.4","6.1","29.9","101.7","6.1","31.0","98.1","6.2","32.1","95.2","5.7","32.3","93.0","5.8","31.8","89.8","5.9","36.0","88.4","5.7","29.7","81.8","5.5","24.0","75.9","4.9","21.2","67.5","4.4","18.1","60.6","4.2","15.2","55.1","3.8","16.6","46.4","3.7","20.1","48.3","3.6","23.0","44.8"
"Georgia","7.9","280.9","717.7","8.4","348.8","725.8","8.4","334.9","669.3","8.4","323.0","625.8","8.4","290.4","570.3","9.5","262.5","584.3","9.8","247.0","552.5","8.7","255.9","496.8","7.6","177.2","414.9","7.8","136.8","364.6","8.3","118.7","338.9","8.3","94.0","297.0","8.2","71.9","268.1","8.0","59.1","228.6","7.4","50.8","193.6","7.4","47.9","179.3"
"Germany","11.2","4591.8","5356.8","11.1","5293.4","5204.5","11.0","5103.5","4965.4","10.8","4761.3","4707.4","10.7","5030.8","4588.5","11.0","4696.7","4413.0","11.2","4742.3","4213.9","10.2","4730.1","3936.1","10.0","4240.5","3695.5","10.1","3746.2","3521.5","10.3","3614.7","3330.6","10.1","3506.3","3226.5","10.4","3182.6","3143.6","10.1","2580.0","3001.6","9.9","2363.1","2847.2","9.8","2355.5","2708.9"
"Ghana","5.9","79.6","249.3","5.5","76.8","225.4","5.8","104.6","227.2","5.5","89.0","202.0","6.1","95.9","207.4","6.5","85.5","195.4","6.5","70.7","183.1","6.4","78.4","175.1","6.2","67.5","156.0","6.2","57.0","149.1","6.3","51.2","232.6","5.1","35.2","176.4","5.1","30.8","165.9","5.0","25.4","157.6","5.6","24.8","168.7","5.1","21.9","148.6"
"Greece","8.4","1504.8","2204.4","7.9","1715.8","2094.3","8.3","1817.0","2169.8","8.8","1944.8","2210.7","9.1","2354.0","2374.3","9.6","2573.8","2696.9","9.5","2816.1","2881.1","9.4","3007.2","2899.6","9.1","2614.7","2655.9","9.0","2226.6","2561.9","9.0","2032.1","2304.7","7.9","1744.0","2021.8","8.2","1516.5","1959.0","8.2","1163.3","1864.4","8.0","1003.9","1682.5","7.2","885.4","1416.7"
"Grenada","5.0","460.3","677.5","5.3","451.3","667.9","5.6","446.9","654.8","5.8","439.3","651.8","6.1","452.2","684.7","6.1","451.5","671.4","6.0","445.9","658.1","5.7","455.8","667.7","5.7","416.2","644.9","5.8","394.3","608.9","5.3","355.9","558.1","5.1","299.5","466.1","5.2","301.4","465.8","5.8","304.5","461.0","5.4","274.0","410.1","5.1","261.0","390.2"
"Guatemala","5.7","224.4","443.9","6.2","228.8","467.2","6.2","214.8","450.9","6.3","206.7","440.1","6.2","196.8","422.5","6.4","181.1","421.7","6.6","174.4","427.2","6.5","182.3","425.1","6.7","167.0","424.3","6.9","156.4","410.7","6.6","137.7","369.9","6.7","126.2","361.1","6.8","119.4","352.4","6.7","113.5","338.0","6.7","105.4","330.7","5.2","85.8","249.4"
"Guinea","4.5","25.1","57.2","4.3","24.2","55.1","4.7","25.1","59.5","4.6","22.9","57.4","5.1","23.3","61.6","4.4","19.5","52.0","4.3","18.7","49.6","4.3","18.6","50.3","4.6","18.7","51.6","4.3","12.6","47.0","4.5","13.7","48.2","4.6","17.8","47.5","5.0","18.7","50.0","6.0","19.3","58.5","5.2","16.5","48.8","5.0","17.0","44.7"
"Guinea-Bissau","6.9","39.5","100.3","6.3","43.9","100.3","4.7","32.2","76.1","4.8","31.2","74.2","5.4","37.4","80.1","6.2","33.5","84.2","6.6","35.8","67.6","6.8","39.9","89.2","6.8","32.8","86.4","6.4","26.9","78.8","6.3","26.7","74.6","6.9","27.0","77.6","5.7","20.5","62.0","5.2","16.0","54.2","6.1","18.8","67.3","6.3","21.2","76.7"
"Guyana","4.5","184.5","336.1","5.1","207.2","373.2","5.0","196.4","344.4","4.8","183.0","314.8","4.9","169.0","301.3","4.6","140.6","265.6","4.6","124.9","249.2","4.2","107.3","216.5","4.0","93.9","201.4","4.0","77.6","180.7","5.4","58.9","223.8","5.0","52.8","208.2","5.2","51.1","201.0","4.8","46.7","187.1","4.5","42.6","172.5","4.4","41.5","156.7"
"Haiti","6.9","53.6","120.1","7.2","59.0","125.1","7.2","58.2","122.0","10.1","76.7","162.8","10.6","78.4","166.2","10.2","68.5","150.4","8.7","57.3","135.6","7.7","50.6","116.9","6.8","42.4","102.2","5.5","28.5","79.4","5.5","24.7","76.6","5.9","23.5","78.7","5.8","18.2","79.5","6.0","21.8","81.9","6.6","26.6","90.6","6.9","29.6","95.2"
"Honduras","7.6","176.6","353.4","7.7","172.5","347.2","8.2","175.9","355.9","8.4","183.7","355.3","7.6","162.0","309.2","8.2","159.0","320.1","8.5","154.1","320.9","8.1","143.1","318.5","7.8","124.9","293.6","7.5","108.6","265.1","7.2","95.8","238.3","6.7","82.6","206.4","6.8","79.1","195.1","6.2","71.0","172.2","5.9","67.6","159.7","6.3","68.9","165.1"
"Hungary","7.2","893.7","1912.1","7.1","1007.0","1820.1","7.3","990.6","1774.7","7.5","961.1","1722.3","7.6","1063.4","1720.5","7.6","983.1","1620.2","7.3","943.7","1497.2","7.1","1117.2","1467.8","7.3","1003.3","1372.3","7.8","893.2","1428.5","8.0","895.2","1364.6","7.8","798.5","1260.7","8.1","682.9","1253.9","7.1","473.1","1032.8","6.8","359.7","902.9","6.8","313.1","802.1"
"Iceland","8.6","4375.4","4116.2","8.8","4609.4","3894.1","8.7","4157.8","3710.7","8.7","3852.9","3518.6","8.6","3975.2","3410.5","8.8","3671.4","3383.7","9.1","3656.7","3711.1","8.7","4814.4","3697.1","8.7","5964.1","3553.5","8.9","4995.0","3447.6","9.2","5197.9","3415.8","9.6","4475.2","3366.6","10.1","3937.0","3257.3","9.6","3067.3","3086.0","8.9","2538.0","2807.2","9.0","2866.0","2657.4"
"India","3.9","63.3","237.7","3.6","57.2","205.8","3.7","56.2","197.1","3.3","49.1","163.7","3.2","48.7","150.5","3.3","45.3","145.6","3.5","38.4","140.9","3.5","38.0","131.9","3.5","36.0","126.4","3.6","29.7","115.3","3.8","27.8","108.5","4.0","25.1","102.0","4.0","22.1","94.7","4.2","20.3","92.6","4.3","19.9","89.8","4.2","18.6","80.7"
"Indonesia","3.3","111.8","369.3","3.4","120.1","362.6","3.4","122.0","336.4","3.4","124.5","318.0","3.3","121.5","295.4","3.5","107.5","285.3","2.8","63.9","220.7","2.8","60.7","210.2","3.1","57.1","215.9","2.9","45.4","186.4","2.8","34.8","167.6","2.3","26.6","130.5","2.4","26.1","129.9","2.1","19.3","108.1","2.2","16.7","107.6","2.0","15.6","92.3"
"Iran (Islamic Republic of)","7.6","366.0","1261.7","7.1","382.7","1222.6","6.3","413.7","1034.5","6.8","519.3","1135.1","6.7","524.7","1196.0","7.8","440.9","1201.0","7.5","367.6","1088.4","6.1","299.4","863.9","5.8","246.0","811.7","5.8","197.9","760.7","6.0","173.2","718.8","5.8","141.0","651.3","5.7","115.4","594.9","5.3","104.7","504.4","5.8","93.7","509.0","5.2","80.2","454.9"
"Iraq","3.4","154.5","481.0","3.4","186.9","440.0","3.2","194.8","438.9","3.2","178.9","400.7","2.9","163.4","370.2","3.3","145.5","402.5","3.8","163.1","448.6","3.0","129.7","356.3","3.1","97.2","338.8","2.4","56.7","260.2","2.9","53.6","281.1","3.8","53.5","355.1","3.0","28.2","181.7","No data","No data","No data","No data","No data","No data","No data","No data","No data"
"Ireland","7.8","4757.1","5334.9","9.9","5516.1","5099.6","10.4","5429.9","5045.8","10.1","4957.5","4687.6","9.9","5229.3","4524.1","10.5","5128.5","4566.8","10.5","5480.8","4382.7","9.1","5616.0","4059.7","7.8","4852.2","3696.4","7.5","4143.4","3374.8","7.6","3936.6","3128.9","7.2","3476.9","2824.5","7.0","2904.4","2560.3","6.7","2190.0","2369.7","6.4","1822.1","2105.7","5.9","1561.0","1793.8"
"Israel","7.4","2756.1","2819.1","7.4","2889.1","2687.3","7.1","2655.4","2499.5","7.1","2383.4","2323.5","7.0","2419.3","2194.4","7.1","2218.4","2087.7","7.1","2022.9","2007.1","7.0","2129.0","1975.3","6.9","1784.6","1971.2","6.9","1581.0","1860.4","7.1","1537.7","1856.6","7.0","1471.5","1866.3","7.1","1417.6","1779.8","7.2","1387.6","1898.5","7.2","1541.6","1894.0","6.8","1496.9","1773.5"
"Italy","9.0","2700.4","3350.6","9.0","3190.1","3274.1","9.0","3195.6","3267.4","9.0","3125.6","3253.5","8.8","3387.6","3211.9","9.0","3214.5","3145.2","9.0","3324.4","3106.2","8.6","3490.0","3040.1","8.2","3088.5","2784.2","8.5","2830.2","2740.6","8.4","2676.5","2516.9","8.2","2561.0","2420.9","7.9","2158.2","2291.7","7.9","1754.3","2263.5","7.8","1585.3","2175.6","7.6","1520.5","2047.8"
"Jamaica","5.9","294.3","511.4","5.5","268.6","469.2","5.8","291.6","483.8","5.3","274.1","429.6","5.5","279.7","444.0","5.4","252.4","421.3","5.2","226.8","414.0","5.5","269.9","452.0","5.1","234.9","416.6","4.4","189.0","345.5","4.1","168.9","308.8","4.8","179.5","348.1","4.6","158.4","318.4","4.9","174.9","322.8","5.3","181.1","344.5","5.8","195.5","365.0"
"Japan","10.9","3732.6","4405.1","10.8","4099.5","4240.3","10.8","4336.1","4179.2","10.8","5212.1","3988.3","10.6","5087.1","3778.2","9.2","4060.2","3192.5","9.1","3685.8","2986.1","8.2","3213.4","2842.5","7.9","2772.5","2713.8","7.8","2754.2","2569.4","7.8","2883.1","2452.8","7.7","2875.7","2318.3","7.6","2642.0","2191.1","7.5","2404.5","2097.0","7.4","2479.6","2013.0","7.2","2740.5","1905.7"
"Jordan","6.3","257.4","568.1","7.4","301.5","673.5","7.3","293.5","666.1","8.0","309.4","729.9","8.3","317.6","768.5","8.1","308.7","778.8","9.5","331.8","896.8","8.8","296.4","816.8","8.3","229.3","742.5","8.1","204.4","677.2","8.9","195.2","694.2","9.0","186.0","653.8","9.1","172.2","607.5","9.7","175.0","618.2","9.9","170.8","599.6","9.6","159.8","552.5"
"Kazakhstan","3.9","379.1","903.3","3.6","459.2","891.0","3.8","491.9","842.0","4.0","464.1","839.0","3.6","393.6","719.9","4.2","363.9","790.0","4.3","295.5","758.4","3.6","305.0","663.3","3.2","211.3","555.2","3.7","192.8","586.6","4.0","150.0","567.1","4.0","111.5","493.0","3.8","75.3","413.8","3.9","58.9","363.5","3.6","51.1","314.5","4.2","50.5","324.4"
"Kenya","5.2","70.1","157.2","5.5","73.0","158.3","5.7","69.9","157.5","5.7","65.3","149.9","5.5","54.8","141.8","6.4","61.9","155.3","5.3","49.0","120.9","4.8","44.3","108.5","5.0","42.2","113.5","4.6","32.4","98.3","5.1","26.3","100.1","5.1","23.2","94.2","5.2","22.6","91.6","5.5","21.8","95.6","5.4","21.7","94.3","5.2","21.2","88.7"
"Kiribati","7.6","108.4","151.8","9.6","161.4","185.9","9.4","161.5","177.5","8.7","153.7","156.3","8.8","148.9","150.1","9.4","139.9","158.9","13.7","177.2","237.4","14.2","201.5","250.6","11.6","156.8","207.3","11.7","135.0","205.0","11.5","139.9","202.7","12.4","140.2","205.4","10.7","108.2","178.0","11.7","96.7","191.1","12.1","89.3","191.4","8.6","68.9","137.5"
"Kuwait","4.0","1168.8","2977.5","3.2","1375.0","2385.9","2.6","1251.4","1982.6","2.6","1319.3","2034.7","2.6","1263.8","2027.8","2.8","1061.4","2032.0","3.9","1454.5","3071.1","1.9","1074.3","1739.8","2.1","976.8","1946.9","2.3","962.6","1990.8","2.4","843.9","1979.3","2.8","742.3","2083.4","3.2","713.2","2182.0","3.6","635.4","2041.4","3.6","596.7","2002.1","2.5","462.6","1393.9"
"Kyrgyzstan","8.2","92.1","286.6","8.3","107.5","281.5","8.2","105.7","266.1","8.5","100.8","250.0","7.2","80.6","209.4","7.1","62.6","194.4","7.0","61.3","193.2","6.6","64.4","178.6","6.9","50.8","172.3","8.3","45.9","187.7","7.5","36.1","159.9","6.2","27.2","130.2","5.8","22.3","111.7","4.6","14.8","81.0","4.3","13.2","74.8","4.4","12.3","72.3"
"Lao People's Democratic Republic","2.8","53.0","165.8","2.6","46.4","140.9","2.7","44.1","128.6","2.3","33.0","104.3","2.2","27.5","89.5","3.2","35.0","119.6","4.0","36.7","139.6","3.0","26.4","99.3","3.5","24.8","109.4","4.1","25.0","121.9","4.8","22.8","125.8","4.9","20.7","119.4","5.0","17.9","111.0","4.2","13.4","88.2","4.8","14.6","89.1","4.7","14.5","82.8"
"Latvia","5.8","783.8","1429.3","7.8","1224.8","1306.9","7.5","1151.0","1218.9","7.6","1068.9","1146.0","7.9","1074.7","1093.9","8.6","972.9","1070.0","8.9","1058.6","1029.1","8.5","1308.0","1086.0","8.9","1155.0","1041.3","8.8","794.2","900.4","8.9","633.0","807.6","9.3","565.3","756.9","8.2","402.7","602.3","8.5","339.7","578.2","8.4","292.9","519.6","7.9","258.8","433.9"
"Lebanon","7.4","645.2","1117.3","7.4","654.9","1140.4","7.5","676.5","1172.1","8.0","713.6","1237.9","8.1","711.6","1278.6","7.5","659.4","1200.2","7.1","593.0","1068.4","7.9","553.7","1094.1","8.6","520.1","1083.3","8.8","470.1","983.6","7.6","407.0","833.0","8.1","438.1","859.0","8.6","456.5","858.2","9.1","494.9","926.7","10.4","544.5","1053.6","10.7","569.1","1059.9"
"Lesotho","8.4","90.9","251.1","8.6","103.0","248.8","7.9","98.4","226.9","7.7","102.5","213.7","7.2","102.6","189.9","6.2","79.7","157.9","8.3","82.8","195.0","7.5","72.1","164.6","7.0","68.2","147.0","5.9","51.7","105.7","5.3","44.2","89.8","5.9","44.3","94.3","6.0","35.7","94.8","5.9","23.8","88.2","6.3","28.2","95.1","5.8","28.5","84.3"
"Liberia","15.2","69.3","127.8","14.1","64.6","119.2","9.2","41.6","76.9","9.3","38.5","72.5","10.5","40.0","77.3","10.0","32.7","68.7","10.6","32.1","71.1","11.0","25.6","56.4","10.3","21.6","50.7","8.1","14.4","36.5","8.5","14.3","36.4","7.9","11.8","31.5","3.5","4.6","13.3","2.9","5.2","16.2","3.7","6.4","19.8","3.8","7.0","21.5"
"Libya","No data","No data","No data","No data","No data","No data","No data","No data","No data","No data","No data","No data","5.0","312.6","627.3","3.4","400.5","957.3","3.9","355.7","969.2","2.3","321.4","561.9","2.4","275.7","610.7","2.5","235.0","605.2","2.6","212.3","603.8","3.5","202.0","693.6","4.1","189.8","846.4","4.9","181.1","852.3","4.1","254.0","809.0","3.4","244.8","696.5"
"Lithuania","6.5","923.3","1874.6","6.2","1018.9","1734.4","6.1","959.2","1631.1","6.3","897.0","1542.2","6.5","925.1","1472.3","6.8","805.1","1352.4","7.4","864.7","1327.3","6.3","936.6","1298.7","5.8","704.2","1092.7","5.8","536.2","957.2","5.6","438.6","810.9","5.5","366.9","713.3","6.2","342.5","750.0","6.2","256.6","647.5","5.8","212.3","549.4","5.8","204.4","490.7"
"Luxembourg","6.0","6236.0","6381.5","6.3","7557.2","6463.3","6.5","7535.9","6345.9","6.6","7096.7","6091.0","6.1","7165.4","5694.9","7.0","7451.6","6089.7","7.3","7639.6","6097.5","6.5","7547.6","5725.0","6.2","6661.9","5275.2","6.7","6066.4","5272.9","7.2","5817.1","4942.5","7.3","5601.1","4741.4","7.0","4596.1","4216.5","6.7","3583.5","3978.7","6.4","3106.1","3612.0","5.9","2894.0","3284.0"
"Madagascar","5.2","21.0","76.7","4.9","22.1","70.5","4.0","18.6","57.0","3.8","16.9","53.1","5.0","22.8","68.4","5.4","22.2","72.9","5.1","21.1","69.9","4.6","21.8","67.7","5.3","19.9","72.8","5.6","16.4","72.9","5.5","15.1","68.2","5.5","13.5","65.2","4.8","15.2","54.0","5.9","15.4","60.8","5.7","16.0","69.0","5.3","13.1","61.2"
"Malawi","9.3","34.2","108.2","9.7","34.4","111.6","11.6","38.5","127.3","8.5","31.8","89.8","7.5","38.4","78.8","7.2","33.2","73.3","8.3","34.8","79.7","8.6","32.1","78.3","7.7","24.5","65.6","6.9","20.6","54.2","6.1","17.0","45.3","5.7","15.7","41.4","4.7","12.2","32.0","3.9","11.3","25.3","3.7","5.4","24.0","4.4","6.7","29.9"
"Malaysia","4.0","385.6","1063.9","3.9","435.1","991.5","3.7","399.7","882.8","3.6","391.3","835.1","3.5","361.5","758.1","3.3","302.0","688.5","3.4","259.1","687.7","3.1","272.6","645.6","3.3","244.9","656.6","3.3","210.0","596.2","2.9","169.1","500.0","3.0","158.9","497.2","3.0","144.7","467.2","2.7","122.0","399.1","2.7","112.7","374.3","2.4","105.8","338.0"
"Maldives","11.5","943.9","1513.9","13.0","988.5","1693.4","11.0","772.6","1359.3","8.4","550.6","945.7","10.2","663.6","1136.4","9.3","593.8","948.3","10.6","645.2","1022.5","11.6","707.7","1211.8","8.9","463.5","851.1","8.0","361.6","692.1","8.8","308.8","629.8","7.5","289.7","578.3","6.4","221.3","432.9","7.1","218.4","420.8","8.0","222.7","411.1","7.4","163.7","277.6"
"Mali","5.8","42.3","118.5","5.8","47.9","113.9","5.4","42.2","100.7","4.4","34.2","80.9","4.1","34.2","76.9","4.4","31.4","81.2","4.7","32.7","83.3","4.8","33.1","83.5","5.2","31.3","88.3","5.3","27.4","86.0","5.0","24.3","78.2","5.2","22.9","76.8","4.6","18.2","67.6","4.4","14.5","58.8","4.3","13.2","57.0","5.1","13.7","59.2"
"Malta","9.6","2304.2","3470.9","9.5","2487.2","3216.0","8.9","2128.6","2778.6","8.6","1899.4","2550.1","8.6","1960.5","2456.1","8.2","1733.1","2290.2","8.1","1677.4","2122.1","8.0","1751.9","2094.3","8.2","1595.9","2049.5","8.8","1475.7","2056.8","8.7","1381.3","1940.6","8.1","1223.6","1739.2","8.0","1075.2","1657.6","7.7","831.4","1517.0","7.0","682.3","1297.7","6.5","641.2","1198.9"
"Marshall Islands","22.1","747.0","862.8","18.8","650.1","723.4","19.5","703.7","744.6","18.7","657.2","690.0","19.1","627.6","668.7","19.3","607.5","653.7","20.9","611.2","658.9","21.7","637.2","692.3","22.8","661.2","726.1","27.4","758.1","822.4","26.3","696.9","750.4","21.7","545.4","581.8","19.0","463.4","497.3","19.1","456.8","488.2","21.4","472.2","524.6","25.2","535.3","572.8"
"Mauritania","4.6","53.6","177.1","4.2","55.5","158.3","3.6","51.9","133.9","3.3","45.7","117.9","3.2","44.0","106.8","3.3","40.1","108.4","3.9","40.8","123.3","3.8","44.9","123.6","3.6","36.8","117.9","3.4","32.1","107.5","4.5","31.2","118.7","4.6","28.6","112.1","5.1","27.0","117.8","5.2","23.9","113.7","4.6","21.5","102.3","4.5","21.3","97.3"
"Mauritius","5.5","506.1","1098.6","5.4","538.6","1020.0","4.7","443.7","840.0","4.4","398.2","746.0","4.4","396.6","714.2","4.7","367.1","716.6","4.4","310.1","627.9","4.1","321.8","571.9","3.7","235.8","478.1","3.8","209.1","452.9","3.7","197.7","428.0","3.5","189.9","387.3","3.4","162.0","346.1","3.4","135.9","323.2","3.1","119.5","287.9","3.0","119.0","270.6"
"Mexico","5.9","534.8","1008.7","5.7","593.4","986.1","6.0","617.9","1001.3","5.9","580.7","973.2","5.8","565.1","915.0","6.0","538.7","887.8","6.2","477.6","868.7","5.7","556.5","829.2","5.8","542.8","807.3","5.7","501.0","759.9","5.9","472.1","721.9","6.0","435.3","685.1","5.9","401.5","637.0","5.4","375.2","552.9","5.3","353.9","524.4","4.9","309.6","480.5"
"Micronesia (Federated States of)","13.1","394.9","457.9","12.4","379.1","415.1","11.9","363.5","407.7","12.0","377.3","418.5","12.9","387.5","440.7","12.9","371.0","427.4","12.6","338.1","397.7","11.9","299.5","367.8","11.1","270.5","341.4","10.7","256.0","325.1","11.5","270.9","338.5","10.4","234.7","290.0","9.5","218.7","265.8","7.8","177.5","210.7","8.4","189.3","221.3","7.7","168.4","194.7"
"Monaco","2.0","3315.8","3406.9","2.1","3865.6","3468.6","2.1","3711.7","3250.5","2.2","3397.9","3005.2","2.2","3533.6","2888.5","2.3","3369.8","2796.0","2.3","3397.8","2687.8","1.9","3476.5","2608.1","1.8","2989.1","2399.9","2.0","2690.3","2331.0","2.1","2632.6","2301.0","2.1","2585.0","2214.8","2.1","2229.7","2101.7","1.8","1569.3","1852.7","1.8","1436.0","1744.3","1.7","1410.9","1629.2"
"Mongolia","3.9","152.5","469.6","3.8","160.0","457.5","4.0","175.4","443.8","3.7","160.9","367.3","4.1","129.5","305.1","4.2","96.0","273.6","4.2","71.3","296.0","4.1","89.4","304.1","3.8","63.7","259.2","3.5","46.8","208.6","4.2","42.2","227.6","4.2","34.0","209.8","4.4","28.7","194.3","5.1","29.2","206.9","4.9","26.5","194.4","5.5","27.5","213.7"
"Montenegro","6.0","382.1","957.0","5.9","430.0","898.1","6.0","430.4","891.4","6.1","400.8","843.5","5.8","423.3","836.8","5.9","388.2","793.7","5.5","367.7","712.5","6.2","448.9","842.4","6.6","390.9","813.9","7.2","315.9","746.0","7.7","281.9","638.2","7.9","266.4","617.7","8.3","231.6","609.8","7.7","160.3","541.7","7.6","143.5","510.6","6.7","108.0","398.9"
"Morocco","5.5","159.8","435.3","5.7","181.4","428.3","5.6","178.4","415.0","5.7","169.5","403.6","5.7","176.9","389.1","5.9","168.7","375.7","5.8","169.6","360.8","5.3","155.2","315.7","5.4","137.3","302.5","4.9","109.9","262.3","4.8","97.3","230.7","4.7","93.4","217.2","4.6","79.4","196.4","4.4","63.4","178.8","4.1","55.8","161.0","4.0","53.6","142.9"
"Mozambique","5.4","28.3","63.7","5.5","34.4","62.9","4.7","28.5","50.3","5.1","30.6","52.1","4.4","23.4","42.4","5.1","21.5","46.0","5.0","23.0","42.5","4.6","23.2","38.0","5.4","22.9","42.3","6.2","23.3","44.0","6.4","23.4","41.9","5.0","16.8","30.2","5.3","14.9","29.7","3.9","10.1","20.6","4.3","10.6","20.5","3.7","9.9","15.8"
"Myanmar","4.9","59.1","267.2","4.9","62.4","245.5","2.0","23.9","91.1","1.9","23.3","82.2","1.7","19.3","65.8","1.9","15.3","67.7","2.0","13.7","68.3","1.8","10.4","59.7","1.6","7.0","50.8","1.7","5.6","46.5","1.8","5.2","42.7","1.9","4.8","39.1","2.0","4.7","34.1","2.1","5.2","31.0","1.8","3.4","24.2","1.8","3.3","21.9"
"Namibia","8.9","423.1","942.5","8.2","442.4","827.9","8.6","474.0","827.6","9.2","528.3","839.2","9.7","544.2","847.3","9.5","491.5","784.8","8.2","341.0","644.7","9.9","397.0","777.0","10.9","459.3","833.9","12.1","471.0","855.9","12.4","443.1","801.7","11.0","362.0","680.1","11.1","275.2","600.6","10.4","177.3","534.0","11.3","187.7","503.4","11.5","207.5","487.9"
"Nauru","4.8","812.0","1063.9","5.5","907.3","898.7","4.9","688.8","615.1","7.5","857.8","714.2","8.2","693.9","666.0","10.7","664.6","724.6","10.3","562.5","581.7","19.5","815.3","1350.0","26.2","605.1","892.8","14.4","361.8","578.9","12.6","326.8","509.5","11.6","317.0","598.8","14.4","343.6","725.8","15.6","294.4","732.2","14.3","270.4","746.8","13.5","292.0","740.7"
"Nepal","6.1","44.4","150.6","5.8","41.4","139.0","5.7","37.0","127.2","5.2","33.5","110.7","5.1","34.3","103.1","5.0","30.0","96.8","4.5","21.2","82.5","4.4","19.2","77.4","4.2","17.5","69.5","4.0","14.0","63.8","4.5","14.5","67.6","4.6","13.3","65.7","4.4","11.5","59.7","4.6","10.9","58.5","4.4","10.8","57.0","3.6","8.6","46.8"
"Netherlands","10.7","4746.0","5313.2","10.9","5675.6","5338.0","10.9","5628.6","5316.3","10.9","5402.5","5100.4","10.5","5645.3","4857.1","10.4","5249.4","4649.3","10.2","5326.7","4525.4","9.5","5427.7","4370.6","9.2","4739.8","4020.3","9.2","4084.6","3732.6","9.3","3857.7","3457.9","8.5","3409.7","3024.3","8.5","2986.7","2855.9","8.0","2298.5","2711.0","7.4","1985.5","2458.2","7.1","1836.2","2236.6"
"New Zealand","9.3","3553.6","3530.1","9.4","4132.4","3453.3","9.4","3967.2","3346.4","9.7","3825.1","3156.8","9.6","3646.6","3106.5","9.7","3239.9","3006.4","9.7","2714.0","2954.5","9.1","2848.0","2718.2","8.3","2699.3","2440.0","8.6","2301.9","2396.5","8.3","2295.2","2123.6","7.9","1983.7","1985.5","7.7","1610.9","1852.8","7.9","1246.3","1834.4","7.6","1049.4","1693.8","7.5","1053.9","1606.3"
"Nicaragua","7.8","162.9","406.0","7.6","149.3","377.6","7.4","134.6","346.9","7.5","133.2","336.6","7.1","119.1","299.5","6.5","99.1","256.6","7.1","105.3","272.0","6.6","100.3","261.0","6.5","87.3","246.7","5.7","70.4","202.4","5.5","64.8","186.2","5.4","58.7","171.0","4.8","49.2","144.3","5.3","54.0","154.2","5.1","53.9","146.9","5.2","53.0","143.6"
"Niger","7.2","25.7","68.5","5.9","25.2","55.5","6.1","25.3","55.1","6.0","23.5","52.7","6.5","24.2","51.7","6.2","21.8","49.8","6.8","23.3","51.5","6.7","23.8","52.6","7.0","20.4","50.9","7.5","19.2","53.2","7.2","17.8","48.3","6.4","14.0","39.4","5.7","12.0","36.7","6.0","10.5","37.5","5.9","9.4","35.9","5.7","8.6","32.4"
"Nigeria","3.6","97.3","215.2","3.3","107.3","199.0","3.4","101.8","192.5","3.3","91.6","180.8","3.3","83.9","173.6","3.3","76.1","164.9","3.5","67.9","293.8","3.7","81.4","266.3","3.8","67.8","255.9","3.9","61.9","238.4","3.8","46.6","212.9","4.0","38.6","211.3","4.5","34.7","179.6","2.1","15.7","82.3","2.7","15.5","103.6","2.6","14.6","87.1"
"Niue","6.3","866.6","795.0","7.7","1228.3","937.1","7.3","1118.9","851.5","7.3","1103.0","836.3","14.0","2088.7","1619.4","9.8","1288.5","1036.5","14.5","1544.1","1823.9","14.5","1543.1","1685.8","12.1","1224.5","1289.8","40.0","3499.5","4230.3","10.1","822.7","955.2","12.2","836.8","983.4","11.4","649.2","862.4","11.1","466.7","762.2","38.1","1445.1","2474.4","7.9","318.3","488.6"
"Norway","10.0","7464.1","6221.6","9.3","9118.3","6177.0","8.9","9241.3","6018.3","8.8","8970.1","5774.4","8.8","8900.4","5492.1","8.9","7859.5","5200.6","9.1","7302.0","5061.0","8.0","7768.1","4945.3","8.1","6895.6","4523.7","7.9","5893.0","4302.5","8.3","5584.7","3995.4","8.8","5097.3","3764.5","9.2","4632.6","3562.0","9.0","3890.0","3429.1","8.0","3099.0","3044.6","7.7","2948.9","2854.7"
"Oman","3.8","636.5","1635.9","3.5","721.9","1497.2","2.8","592.5","1208.6","2.6","564.4","1117.5","2.6","535.3","1074.3","2.7","529.1","1218.9","2.8","475.0","1250.1","2.0","444.2","868.7","2.4","383.4","983.4","2.3","332.9","900.9","2.6","320.2","955.2","3.0","301.4","1066.2","3.2","287.8","1119.9","3.2","274.4","1155.8","3.1","261.3","1134.1","3.1","263.5","1067.7"
"Pakistan","2.7","38.0","134.4","2.7","36.5","131.2","2.6","31.6","120.2","2.4","28.5","104.9","2.4","28.6","101.6","2.6","26.6","109.0","2.6","25.3","109.1","3.0","27.0","120.0","3.3","29.8","126.8","3.2","26.1","115.2","2.9","20.7","104.3","2.5","16.2","83.0","2.6","15.0","79.6","2.9","15.0","84.3","2.9","13.8","81.0","3.1","15.9","85.5"
"Palau","10.6","1420.2","1611.5","11.9","1402.1","1648.8","11.8","1292.2","1570.7","11.4","1183.0","1548.6","10.4","1013.6","1352.9","11.5","1037.8","1405.1","10.1","932.2","1190.4","9.4","924.9","1213.1","9.8","955.5","1315.8","9.4","912.9","1233.3","9.0","868.3","1178.6","10.1","888.8","1272.9","8.7","705.2","1007.6","8.4","701.4","1026.2","8.1","671.4","927.3","9.5","735.2","1020.0"
"Panama","7.0","920.6","1542.8","6.8","861.8","1432.5","6.6","770.9","1301.0","6.1","647.4","1132.2","6.0","558.6","1020.6","6.6","526.8","1002.7","6.5","480.7","929.2","6.5","456.6","935.2","6.6","401.4","868.6","6.9","350.4","761.9","6.6","304.7","655.3","7.5","326.3","692.0","7.1","287.9","605.9","7.5","292.3","609.9","7.4","281.3","587.8","7.5","285.7","589.6"
"Papua New Guinea","3.8","77.3","98.6","4.5","97.6","115.6","4.9","99.0","124.2","3.7","76.2","89.4","3.2","56.8","72.4","3.1","42.3","63.2","3.3","39.0","64.1","3.1","36.7","57.2","3.6","34.9","63.1","3.7","31.3","59.1","3.7","28.5","57.8","4.1","26.4","60.7","3.8","22.4","54.2","3.5","17.7","48.3","3.2","17.0","44.7","3.0","19.0","43.0"
"Paraguay","7.8","321.3","724.3","7.6","359.4","682.9","7.0","312.2","593.4","7.6","293.8","567.4","6.7","268.4","505.0","6.2","201.0","444.7","6.2","161.3","392.3","5.5","168.0","363.6","5.4","124.3","332.8","5.3","96.0","307.7","5.0","75.1","271.4","5.0","70.3","262.3","4.9","57.9","246.4","4.7","53.7","223.6","5.5","77.8","263.2","5.8","89.0","277.6"
"Peru","5.3","323.0","671.0","5.1","331.9","621.8","4.8","318.7","572.6","4.7","303.3","529.3","4.6","264.8","479.4","4.7","238.7","463.6","4.9","206.8","447.1","4.4","188.6","401.2","4.4","158.7","358.1","4.5","141.7","330.8","4.6","123.5","303.2","4.8","117.2","298.8","5.0","112.2","301.5","5.0","106.2","287.8","4.8","97.6","260.2","4.4","90.2","235.1"
"Philippines","4.4","126.9","322.8","4.2","119.2","290.8","4.5","123.2","291.3","4.4","112.9","266.8","4.2","98.9","240.1","4.3","91.8","236.5","4.4","79.5","222.7","4.0","77.3","205.4","3.9","65.6","191.3","3.9","54.9","178.9","3.9","46.6","166.0","3.2","34.2","127.0","3.2","32.3","119.0","2.7","27.3","97.2","2.9","28.2","101.7","3.2","32.8","105.6"
"Poland","6.3","796.7","1704.2","6.2","896.0","1607.5","6.4","878.1","1576.4","6.2","815.1","1477.9","6.2","866.1","1424.5","6.4","809.2","1354.4","6.6","759.6","1269.5","6.4","892.6","1167.3","5.9","660.9","985.4","5.8","524.1","878.5","5.8","465.7","806.8","5.9","392.0","783.3","6.0","339.3","730.5","6.1","315.8","716.0","5.7","282.8","631.8","5.3","238.0","563.9"
"Portugal","9.0","1721.7","2661.4","9.0","1986.9","2594.6","9.1","1959.4","2530.9","9.3","1918.6","2466.5","9.5","2207.7","2548.7","9.8","2213.1","2686.5","9.9","2279.5","2618.7","9.4","2322.0","2492.0","9.1","2067.1","2331.8","9.1","1812.6","2255.9","9.4","1773.5","2146.8","9.3","1679.2","1999.7","8.9","1405.9","1857.5","8.6","1105.2","1747.2","8.4","988.8","1651.1","8.4","967.1","1586.9"
"Qatar","3.1","2029.5","3900.3","2.4","2104.4","3084.7","2.1","1833.4","2634.9","1.7","1548.3","2230.9","1.6","1375.1","2069.6","1.8","1257.9","2193.8","2.1","1321.5","2435.7","1.6","1327.6","1840.3","2.0","1322.2","2209.3","2.2","1327.7","2397.9","2.6","1322.8","2511.7","3.1","1285.7","3087.6","3.5","1206.3","3189.1","2.5","736.8","2237.6","2.3","658.0","2027.3","2.0","602.3","1724.7"
"Republic of Korea","7.4","2012.7","2556.0","7.1","1995.7","2414.1","6.9","1796.9","2268.2","6.7","1646.9","2170.0","6.6","1585.4","2056.0","6.5","1436.8","1976.0","6.4","1162.1","1799.3","5.8","1184.5","1661.4","5.7","1295.5","1563.0","5.5","1137.6","1406.6","5.1","937.1","1216.5","4.8","753.4","1086.8","4.8","670.4","1008.5","4.4","555.2","902.4","4.5","505.6","861.9","4.0","473.9","717.3"
"Republic of Moldova","10.2","186.4","515.3","10.3","230.8","515.8","10.3","231.7","485.2","10.9","223.6","461.9","10.9","215.0","456.0","12.2","198.3","465.7","13.7","208.5","482.7","11.0","186.4","409.2","11.0","135.4","372.1","10.5","100.1","335.9","9.6","79.3","281.1","9.0","64.6","237.3","7.0","38.4","167.8","7.1","32.5","155.7","6.1","24.9","122.0","5.8","20.5","106.8"
"Romania","5.0","442.4","1090.4","5.0","503.5","1045.0","5.2","495.4","1027.3","4.7","401.7","891.6","4.7","426.7","839.5","5.7","472.2","978.4","5.5","449.4","875.8","5.2","521.3","839.0","5.1","415.1","679.1","5.0","291.0","584.0","5.5","254.5","529.2","5.4","190.8","490.7","5.2","143.5","404.6","4.6","96.6","326.3","4.3","78.8","282.2","4.2","69.9","245.8"
"Russian Federation","5.6","523.8","1414.0","5.7","742.3","1339.9","5.5","811.2","1261.1","5.3","760.1","1269.8","5.1","684.8","1159.9","5.3","567.4","1089.5","5.9","516.7","1169.8","5.2","609.9","1056.9","5.1","461.9","844.9","5.1","352.7","760.3","5.1","272.0","604.0","5.1","209.2","521.9","5.5","164.7","512.2","5.9","140.8","475.9","5.6","118.1","414.3","5.4","95.4","367.6"
"Rwanda","7.9","56.7","143.2","8.2","59.3","141.9","7.9","56.8","131.2","8.5","60.0","135.9","8.9","58.4","134.5","9.3","55.0","129.3","9.2","51.3","119.2","8.7","47.3","113.6","8.7","38.4","103.3","8.3","31.1","91.9","7.5","21.5","68.0","7.4","17.5","62.0","7.6","16.1","58.8","4.4","8.6","33.5","4.4","8.8","29.8","4.6","10.0","29.4"
"Saint Kitts and Nevis","5.6","907.0","1442.7","5.7","896.8","1406.2","5.6","834.8","1305.3","5.7","797.0","1239.0","5.7","829.9","1242.7","5.7","784.8","1201.4","5.7","810.4","1222.3","5.5","809.2","1222.4","5.2","721.0","1101.8","5.4","694.5","1097.1","5.1","571.4","968.5","5.1","535.4","872.3","5.0","487.1","799.2","4.7","482.3","767.3","4.6","461.4","741.4","4.8","439.7","721.1"
"Saint Lucia","6.0","481.6","681.4","5.8","454.3","641.3","7.3","544.7","791.0","6.9","516.2","748.1","6.9","505.9","740.9","6.6","476.5","703.4","6.2","425.0","663.1","6.1","424.8","656.6","6.0","412.4","619.2","5.4","346.3","543.2","5.6","318.9","509.1","5.5","301.6","499.6","5.5","276.7","453.4","5.6","257.9","429.3","5.4","249.6","411.0","4.9","245.9","388.9"
"Saint Vincent and the Grenadines","4.2","284.0","469.5","4.2","282.8","461.4","4.4","288.7","461.6","4.5","285.3","458.9","4.3","265.9","424.5","4.4","276.7","431.4","4.0","249.7","401.6","3.9","247.0","390.9","3.6","224.8","349.0","3.5","198.2","324.9","3.7","189.5","310.5","3.8","183.2","299.4","4.0","178.5","295.2","4.0","170.4","267.7","3.7","147.6","230.6","3.8","140.5","229.1"
"Samoa","5.6","222.9","335.9","6.0","259.2","361.4","6.1","257.4","350.6","4.9","208.7","282.3","5.4","226.7","316.3","5.3","192.5","288.8","5.7","180.3","298.7","4.8","170.6","278.2","4.4","153.3","263.5","5.6","138.5","246.0","5.2","126.2","231.6","5.1","108.9","200.5","4.7","85.7","175.6","5.7","84.6","198.2","5.0","68.8","167.5","5.5","73.1","168.3"
"San Marino","6.8","3243.1","3674.6","6.9","3881.5","3804.2","7.0","4024.4","3880.1","7.1","4009.5","3950.1","6.5","4267.1","3885.5","5.8","3973.9","3750.6","5.4","4177.1","3854.9","4.7","4305.5","3720.6","4.5","3758.2","3348.7","4.3","3056.6","2935.6","4.1","2719.7","2513.8","4.3","2808.7","2600.1","4.2","2379.2","2480.1","4.8","2135.9","2670.0","5.0","2094.5","2889.6","5.1","2065.5","2734.1"
"Sao Tome and Principe","9.8","159.9","308.4","8.9","162.0","271.0","9.1","147.0","261.6","7.3","105.3","211.1","5.5","73.2","151.3","5.3","59.6","136.4","7.2","80.7","180.0","4.9","55.4","119.5","6.6","58.4","147.3","6.9","58.8","151.9","12.1","96.0","234.9","11.5","83.7","221.8","13.1","89.6","243.3","11.5","67.3","201.1","12.6","68.3","219.1","9.7","53.9","167.5"
"Saudi Arabia","5.8","1194.1","3121.3","5.1","1248.8","2674.5","4.4","1091.3","2243.7","3.9","991.7","1981.9","3.6","859.6","1754.7","3.5","671.0","1551.0","4.1","657.7","1760.2","2.9","575.1","1238.4","3.5","574.5","1398.2","3.5","544.3","1343.8","3.4","469.7","1222.7","3.6","399.2","1191.6","4.0","380.7","1220.6","4.3","367.8","1222.2","4.5","385.7","1298.7","4.2","384.4","1222.4"
"Senegal","4.0","36.1","97.1","3.9","42.0","93.5","3.8","40.7","88.2","3.8","39.7","85.2","3.9","42.7","85.2","4.0","40.1","85.8","4.2","42.5","87.0","4.3","47.0","89.2","4.1","39.0","83.0","4.6","37.6","89.4","4.6","35.7","86.3","5.6","41.1","98.9","5.4","34.7","89.9","5.1","26.0","79.6","5.0","24.0","78.5","4.6","21.9","70.1"
"Serbia","9.4","491.3","1323.7","9.8","608.9","1355.8","9.9","627.5","1360.2","9.9","559.8","1296.6","9.7","619.2","1250.0","10.1","545.4","1219.2","9.9","575.9","1171.5","10.1","672.9","1197.1","10.0","547.2","1049.8","9.0","371.6","865.1","8.7","307.6","759.0","8.2","274.4","664.8","8.1","230.1","584.7","8.1","173.3","548.1","6.9","111.0","422.3","6.5","65.2","371.6"
"Seychelles","3.4","491.8","867.3","3.4","490.2","836.4","3.5","497.0","812.8","4.4","506.0","955.4","3.5","391.0","723.6","3.6","380.4","702.5","2.6","238.6","470.2","2.6","275.7","477.8","3.3","372.4","605.3","3.7","418.2","609.8","3.9","406.9","581.8","4.3","411.3","572.4","4.7","385.0","638.3","4.2","348.2","608.5","4.4","335.1","638.7","4.6","349.3","674.2"
"Sierra Leone","18.3","106.7","256.3","19.7","139.8","351.6","11.6","82.2","198.1","8.9","50.0","127.2","10.6","47.0","131.5","9.2","36.8","108.4","9.9","38.5","111.6","9.1","37.1","101.4","8.9","31.8","93.8","9.2","29.6","90.3","9.8","28.5","92.6","9.8","26.1","89.6","9.6","25.5","83.4","10.0","25.2","81.8","9.6","22.2","64.4","9.9","13.8","71.6"
"Singapore","4.3","2280.3","3681.3","3.9","2221.2","3323.2","3.7","2099.6","3048.9","3.4","1848.3","2619.4","3.2","1690.6","2385.1","3.2","1503.0","2277.3","3.4","1318.5","2104.5","3.2","1275.1","2034.0","2.9","1084.9","1780.9","3.0","945.8","1687.9","3.0","863.3","1592.7","3.2","829.2","1538.7","3.6","828.9","1608.4","3.4","752.3","1445.9","3.2","706.7","1321.9","3.4","820.7","1411.7"
"Slovakia","6.9","1108.4","2062.0","6.9","1287.6","2011.5","7.5","1370.1","2102.9","7.6","1319.5","2035.6","7.4","1350.7","1918.7","7.8","1295.3","1951.3","8.0","1314.8","1838.1","7.0","1251.7","1651.5","7.2","1029.3","1521.6","6.9","729.0","1295.1","6.6","601.3","1096.4","6.5","519.4","984.9","5.5","344.5","771.5","5.5","254.1","733.2","5.3","212.2","662.2","5.3","203.5","601.7"
"Slovenia","8.5","1771.6","2733.8","8.5","2052.6","2651.0","8.8","2028.3","2589.7","8.7","1964.0","2519.1","8.5","2136.5","2463.0","8.6","2008.2","2381.5","8.6","2116.5","2363.2","7.8","2170.7","2338.1","7.5","1793.6","2076.1","7.8","1541.7","2014.6","8.0","1449.2","1910.1","7.9","1368.6","1807.1","8.1","1203.1","1708.5","8.0","944.9","1624.0","7.9","826.2","1498.0","7.8","796.6","1404.8"
"Solomon Islands","8.0","152.1","173.0","8.4","167.9","177.8","6.8","134.8","150.8","9.3","172.6","190.7","7.5","123.7","148.3","7.4","93.7","128.6","7.9","91.5","130.4","8.1","97.3","142.0","8.7","90.8","143.1","9.1","88.9","143.7","10.1","92.7","149.9","8.5","67.1","110.1","7.9","55.8","95.7","8.7","65.0","100.0","9.0","80.7","107.2","5.8","53.9","70.0"
"Somalia","No data","No data","No data","No data","No data","No data","No data","No data","No data","No data","No data","No data","No data","No data","No data","No data","No data","No data","No data","No data","No data","No data","No data","No data","No data","No data","No data","No data","No data","No data","No data","No data","No data","No data","No data","No data","No data","No data","No data","No data","No data","No data","No data","No data","No data","No data","No data","No data"
"South Africa","8.2","470.8","1086.4","7.9","509.8","1029.3","7.7","526.5","981.9","7.8","579.7","964.4","7.5","597.4","908.6","7.4","539.6","863.7","7.1","413.1","804.1","6.5","372.4","753.9","6.4","386.0","711.4","6.6","362.5","680.8","6.7","354.1","644.0","6.8","322.7","609.1","6.9","254.3","582.7","6.9","169.0","559.8","7.5","195.2","583.5","7.4","221.8","562.4"
"South Sudan","2.5","28.0","71.2","2.1","29.3","53.4","2.1","26.3","45.6","2.6","24.7","47.6","No data","No data","No data","No data","No data","No data","No data","No data","No data","No data","No data","No data","No data","No data","No data","No data","No data","No data","No data","No data","No data","No data","No data","No data","No data","No data","No data","No data","No data","No data","No data","No data","No data","No data","No data","No data"
"Spain","9.2","2353.9","3182.5","9.1","2686.9","3057.9","9.0","2628.5","2936.3","9.1","2589.0","2899.2","9.1","2898.9","2920.2","9.0","2778.4","2891.2","9.0","2914.0","2922.3","8.3","2967.7","2791.0","7.8","2588.5","2578.8","7.8","2228.2","2412.3","7.7","2051.8","2144.1","7.6","1915.4","2013.5","7.5","1632.5","1902.8","6.8","1169.1","1673.4","6.8","1044.1","1564.7","6.8","1002.8","1470.2"
"Sri Lanka","3.0","117.9","353.1","2.8","109.8","319.6","2.8","100.4","294.6","2.6","87.3","264.8","2.9","94.7","270.9","3.0","83.4","248.3","3.7","77.5","284.4","3.5","72.4","263.3","3.6","59.4","251.7","3.7","53.6","236.8","3.8","47.3","218.0","3.9","41.9","208.0","3.7","35.9","180.3","3.9","35.3","187.1","4.1","33.9","178.7","4.1","36.0","181.7"
"Sudan","6.3","151.8","277.0","5.3","110.8","224.6","6.3","117.7","260.3","5.3","95.3","210.1","6.1","116.1","253.0","5.3","103.9","232.0","5.8","105.7","278.3","5.8","102.0","251.7","6.0","100.1","266.9","4.9","67.4","201.2","4.1","45.0","160.0","4.2","35.5","140.6","3.9","27.4","123.5","3.3","20.2","99.0","3.4","18.4","93.3","3.6","16.9","84.7"
"Suriname","6.5","577.5","1016.9","5.8","553.2","955.6","5.7","539.1","912.1","5.7","529.9","884.0","5.6","466.0","833.9","5.4","450.4","759.5","5.8","430.4","768.5","5.8","394.6","744.7","5.6","320.4","685.0","6.3","328.4","727.6","7.7","277.7","841.6","8.0","241.5","819.4","8.0","209.3","738.8","8.3","188.8","725.3","6.8","118.9","609.6","8.4","168.8","694.7"
"Sweden","11.0","5600.1","5298.6","11.1","6628.5","5202.1","11.1","6723.1","5098.3","10.9","6273.5","4910.9","10.7","6386.7","4689.3","8.5","4437.1","3550.3","8.9","4151.8","3566.5","8.3","4652.8","3493.2","8.1","4321.8","3287.6","8.2","3788.7","3066.5","8.3","3573.5","2817.3","8.3","3513.3","2777.3","8.5","3134.5","2668.8","8.4","2477.2","2562.3","8.0","2170.0","2389.8","7.4","2173.2","2171.4"
"Switzerland","12.1","9818.0","7582.6","11.6","10005.5","7145.2","11.4","9679.7","6842.2","11.1","9278.1","6424.9","10.8","9568.2","6080.1","10.7","8018.8","5714.6","10.4","7276.7","5392.7","9.8","7104.0","5153.5","9.6","6126.0","4793.0","9.8","5642.7","4423.0","10.3","5636.6","4161.6","10.4","5570.2","4093.2","10.4","5001.9","3922.4","10.1","4190.5","3819.9","9.7","3748.5","3585.4","9.3","3540.8","3340.7"
"Syrian Arab Republic","No data","No data","No data","No data","No data","No data","No data","No data","No data","3.6","70.1","159.7","3.3","81.5","184.9","3.4","93.8","169.5","3.5","91.9","175.3","3.4","87.8","161.0","3.7","76.7","171.0","3.8","66.3","167.5","4.1","63.4","171.6","4.5","65.6","175.2","5.1","68.2","186.2","4.9","63.9","172.0","4.7","58.5","152.8","4.6","54.2","144.9"
"Tajikistan","6.9","63.0","192.7","6.7","74.3","180.5","6.3","65.9","160.1","6.0","57.4","142.2","6.0","49.7","131.8","5.8","43.1","120.5","5.9","39.5","116.1","5.9","41.7","113.1","5.5","28.8","98.3","5.0","20.2","82.0","5.2","17.6","79.1","4.8","14.8","67.5","4.7","11.1","59.7","4.2","8.0","48.4","4.3","7.3","44.4","4.3","6.0","40.3"
"Thailand","3.8","217.1","610.2","3.7","219.4","579.7","3.5","213.0","528.1","3.5","206.4","518.4","3.8","195.9","483.0","3.6","172.1","448.0","3.9","152.5","441.6","3.7","151.5","424.0","3.4","126.8","379.3","3.3","104.4","342.1","3.4","91.4","324.3","3.4","83.5","301.5","3.5","76.5","287.2","3.5","69.9","272.2","3.2","57.3","231.1","3.2","62.3","225.9"
"Republic of North Macedonia","6.1","295.4","857.1","6.2","335.1","828.5","6.5","321.9","782.1","6.4","295.8","745.5","6.6","332.5","762.9","7.0","316.3","785.9","7.0","314.1","755.1","7.0","333.1","723.8","7.0","278.7","637.5","8.1","257.8","665.6","8.4","242.6","620.0","8.9","239.5","613.8","9.6","221.8","598.1","8.6","168.5","544.9","3.7","66.9","222.7","3.9","71.6","236.3"
"Timor-Leste","3.1","71.7","141.3","2.3","77.7","149.8","1.7","78.6","149.9","1.2","70.1","129.8","1.2","63.1","122.0","1.3","51.4","109.8","1.6","48.6","105.9","1.0","41.9","95.5","1.1","28.6","69.6","1.0","26.0","66.7","1.3","23.8","59.2","1.7","18.8","45.1","2.8","14.5","34.5","2.4","12.6","30.8","No data","No data","No data","No data","No data","No data"
"Togo","6.6","36.6","95.6","6.5","40.1","89.6","6.6","38.3","87.2","6.1","34.5","78.5","6.2","34.6","75.9","6.3","30.9","75.1","5.2","26.1","60.5","4.6","23.7","52.5","4.6","19.5","52.1","4.4","16.6","48.3","4.2","15.8","44.6","4.3","14.9","44.1","4.4","13.5","44.0","3.9","11.0","38.1","3.8","9.8","37.4","3.8","9.8","38.1"
"Tonga","5.9","221.4","323.8","5.2","216.0","278.2","5.0","207.4","254.7","5.0","221.7","261.0","4.5","194.8","231.9","4.9","177.7","241.7","4.6","143.5","213.4","6.1","203.5","280.0","5.4","162.0","237.8","5.6","159.3","248.5","4.6","120.3","204.7","4.7","110.5","197.1","4.0","83.1","166.3","4.3","78.3","171.8","4.2","71.1","161.5","4.1","79.9","151.5"
"Trinidad and Tobago","6.0","1146.2","2204.1","5.2","1076.1","1853.2","5.1","1038.1","1749.1","5.2","954.3","1586.0","5.1","896.1","1458.4","5.2","801.1","1470.6","6.0","864.4","1753.4","4.1","861.2","1247.6","4.4","729.4","1290.8","4.2","594.0","1151.7","4.9","603.9","1153.2","4.6","470.2","985.7","4.7","410.4","911.2","4.6","323.4","772.0","4.2","288.5","641.4","4.0","258.7","584.3"
"Tunisia","6.7","258.0","774.1","6.8","291.0","772.7","6.9","287.9","751.4","6.6","273.3","700.0","6.4","273.8","651.0","5.9","243.6","601.6","5.6","234.2","559.6","5.4","233.5","520.6","5.4","205.1","496.1","5.4","181.5","453.4","5.4","172.4","423.0","5.5","169.8","403.6","5.5","150.9","373.3","5.4","126.0","346.2","5.1","115.0","322.1","5.0","111.8","303.1"
"Turkey","4.1","454.6","996.0","4.3","527.2","1005.6","4.4","552.4","983.5","4.5","524.8","924.2","4.7","531.7","921.7","5.1","539.3","882.4","5.5","500.1","857.9","5.3","570.7","844.0","5.3","512.7","783.6","5.2","416.9","707.1","4.9","364.9","587.4","5.0","299.6","539.0","5.1","238.7","485.8","5.1","186.7","475.9","4.9","153.6","454.9","4.6","199.5","442.6"
"Turkmenistan","6.3","405.1","1003.8","5.5","437.8","830.2","5.2","376.2","705.5","4.8","318.8","595.1","4.9","276.7","549.0","5.0","221.8","486.7","4.8","194.3","430.8","5.9","255.5","501.7","5.3","281.9","389.4","8.4","374.2","550.0","9.6","345.1","552.6","10.6","319.3","530.0","8.5","208.9","399.4","7.0","132.3","315.4","8.1","123.7","363.5","6.9","76.6","291.3"
"Tuvalu","15.0","439.2","523.3","14.7","497.1","500.6","13.8","491.7","462.7","13.0","488.5","429.2","13.7","506.9","442.8","14.4","440.5","429.3","12.6","328.8","382.3","10.5","308.1","332.8","10.7","280.1","307.9","11.3","252.4","299.9","11.1","236.5","280.0","10.2","220.0","266.0","14.3","265.0","373.3","12.5","205.1","345.7","18.3","259.0","466.8","24.2","358.0","596.0"
"Uganda","7.3","46.1","138.5","7.3","52.9","132.7","7.2","49.6","125.9","7.8","53.3","133.9","8.6","53.7","162.5","10.7","62.7","170.3","7.7","48.5","134.2","7.6","51.3","160.2","11.7","47.1","153.7","12.0","40.2","145.4","11.3","35.8","125.1","10.5","29.3","99.2","9.2","21.8","90.1","9.4","22.1","88.3","8.6","20.3","75.6","8.0","18.8","67.1"
"Ukraine","6.1","125.0","469.4","6.1","182.6","510.7","6.9","281.9","603.6","6.8","262.5","577.0","6.2","223.3","518.0","6.4","188.7","488.0","6.4","168.2","478.4","5.3","215.7","465.3","5.8","185.8","484.8","6.2","148.3","462.8","6.1","116.3","410.4","5.9","84.6","373.8","6.3","68.9","342.2","5.8","52.9","278.3","5.5","44.8","246.1","5.3","35.1","210.1"
"United Arab Emirates","3.5","1402.0","2425.8","3.7","1613.4","2452.1","3.6","1556.3","2331.9","3.4","1441.6","2112.1","3.7","1484.0","2142.0","3.9","1359.0","2225.8","4.0","1339.4","2405.8","2.9","1340.0","2026.0","2.6","1094.8","1924.3","2.3","985.3","1898.4","2.3","915.1","1915.1","2.5","890.3","2103.5","2.6","879.4","2194.0","2.7","851.0","2166.3","2.5","771.7","2007.8","3.5","781.8","1942.1"
"United Kingdom of Great Britain and Northern Ireland","9.9","4355.8","4144.6","9.8","4566.7","4008.8","9.9","4193.7","3862.0","8.5","3532.1","3186.9","8.5","3501.5","3095.1","8.5","3306.8","3053.3","8.6","3272.6","2962.2","7.7","3615.6","2802.9","7.5","3756.3","2643.4","7.4","3262.6","2544.7","7.2","3017.1","2345.1","7.1","2835.8","2251.2","6.9","2347.6","2063.8","6.6","1964.8","1900.2","6.4","1736.5","1741.1","6.0","1672.5","1567.8"
"United Republic of Tanzania","6.1","31.7","96.5","6.4","38.2","101.7","6.6","39.8","105.5","7.7","40.5","112.1","No data","38.4","114.4","No data","36.1","105.4","No data","32.5","96.9","No data","35.3","103.4","No data","35.5","123.0","No data","35.0","125.8","No data","27.2","99.8","No data","23.1","99.9","No data","20.1","86.3","No data","16.8","71.3","No data","14.9","60.8","No data","12.6","48.3"
"United States of America","16.8","9535.9","9535.9","16.5","9059.5","9059.5","16.3","8634.6","8634.6","16.4","8432.5","8432.5","16.4","8160.8","8160.8","16.4","7949.9","7949.9","16.3","7696.5","7696.5","15.3","7420.1","7420.1","14.9","7176.6","7176.6","14.7","6820.6","6820.6","14.5","6453.1","6453.1","14.5","6101.5","6101.5","14.5","5738.9","5738.9","14.0","5330.0","5330.0","13.2","4912.7","4912.7","12.5","4561.9","4561.9"
"Uruguay","9.2","1281.3","1747.8","9.1","1405.7","1754.1","9.1","1431.3","1690.8","8.9","1286.5","1604.1","8.3","1181.1","1492.8","8.4","1001.9","1404.6","8.5","797.7","1304.0","7.9","719.8","1168.0","7.9","556.6","1072.1","8.9","526.0","1107.5","8.6","450.8","997.5","9.2","378.8","958.6","10.1","365.1","973.1","9.8","401.0","920.4","9.7","607.5","968.9","9.1","624.0","926.6"
"Uzbekistan","6.2","133.9","382.8","5.9","122.6","341.6","5.9","112.0","308.1","6.0","103.1","287.7","5.6","86.7","247.7","5.5","74.3","224.3","5.1","61.1","195.9","5.0","51.2","172.0","4.9","40.0","160.1","5.6","35.3","161.0","5.3","28.8","144.0","5.3","24.2","130.5","5.4","21.2","122.5","5.4","20.5","117.1","5.3","24.3","109.0","5.3","29.3","104.0"
"Vanuatu","3.5","99.0","106.1","3.6","113.8","110.2","5.4","172.5","162.9","2.7","84.6","79.1","2.3","74.1","66.0","2.8","82.3","80.1","2.0","53.9","58.6","1.3","35.4","37.1","1.4","33.9","37.9","2.0","40.4","50.0","1.9","35.9","44.3","2.0","36.6","44.9","1.7","27.0","35.9","1.6","21.3","32.0","1.7","23.7","37.6","1.4","20.2","30.7"
"Venezuela (Bolivarian Republic of)","3.2","973.0","579.4","3.6","569.5","640.1","3.5","429.9","641.6","3.7","474.2","669.4","4.8","519.9","821.8","4.5","614.1","733.8","5.1","590.4","845.8","4.4","495.1","759.0","4.5","376.7","737.0","4.1","277.9","611.5","4.0","219.8","538.4","4.2","179.2","498.9","4.4","142.1","438.4","4.4","161.1","474.7","4.7","229.8","553.2","4.4","210.3","502.2"
"Viet Nam","5.7","116.7","334.3","5.8","116.4","320.7","6.4","119.2","331.3","6.5","111.6","318.1","5.8","87.3","266.9","5.9","76.7","252.9","5.2","62.6","209.5","5.0","57.4","193.3","5.3","48.2","192.9","5.3","41.2","174.9","5.0","34.0","151.0","4.7","28.0","130.3","4.2","21.7","105.7","4.1","19.0","95.9","5.2","22.6","113.4","4.4","18.4","89.0"
"Yemen","6.0","72.0","144.5","5.6","79.7","192.1","5.8","78.4","198.8","5.7","73.8","200.7","5.0","64.6","182.2","5.2","67.7","226.9","5.3","65.9","249.0","5.1","69.6","234.8","4.9","58.0","229.9","4.6","49.9","211.6","4.6","42.4","192.6","4.9","38.2","192.5","5.0","34.8","193.5","4.2","27.3","157.9","4.3","26.5","157.5","4.1","25.2","144.0"
"Zambia","5.4","69.4","203.0","5.1","87.1","191.7","5.1","89.9","179.8","4.8","81.6","168.1","4.6","79.3","162.1","4.6","67.4","147.9","5.2","49.0","127.5","5.5","55.8","112.8","4.8","42.4","99.4","5.3","50.8","117.9","7.4","46.3","148.0","7.4","37.4","144.6","8.4","30.9","137.8","7.7","25.6","122.6","7.3","24.8","114.5","7.9","24.5","119.2"
"Zimbabwe","10.3","94.3","182.3","8.9","81.9","158.3","7.7","68.8","132.4","8.3","70.0","138.1","9.3","71.1","141.1","11.6","77.6","156.7","No data","No data","No data","No data","No data","No data","No data","No data","No data","No data","No data","No data","No data","No data","No data","No data","No data","No data","No data","No data","No data","No data","No data","No data","No data","No data","No data","No data","No data","No data"
